layer,direction,strength,prompt_id,degree_entropy_interv,degree_entropy_base,achieved_entropy_change,associative_drift,perplexity,local_coherence
0,broaden,0.5,p000,3.1278624937850212,2.7397862659365795,0.38807622784844176,0.19994747638702393,5.441905245977284,1.0
0,broaden,0.5,p001,3.1277850853253524,2.657270491617953,0.47051459370739934,0.2187713384628296,3.5047691014720956,1.0
0,broaden,0.5,p002,2.947694137079877,2.501394285100223,0.44629985197965416,0.23433375358581543,3.38190480377725,1.0
0,broaden,0.5,p003,3.176361883447954,2.794838630095739,0.3815232533522148,0.27068233489990234,4.519305625368382,1.0
0,broaden,0.5,p004,3.158558728417353,2.750898296626692,0.4076604317906609,0.23640179634094238,4.725371067650467,1.0
0,broaden,0.5,p005,2.9501134404202274,2.5051220222799855,0.4449914181402419,0.28966599702835083,3.6036389547586434,1.0
1,broaden,0.5,p000,3.1919896486946464,2.7324445698730964,0.45954507882155005,0.18928682804107666,5.643558265895417,1.0
1,broaden,0.5,p001,3.1426537365068654,2.733847656048057,0.4088060804588083,0.2355285882949829,3.4591419267523826,1.0
1,broaden,0.5,p002,2.9624937480909566,2.5328495039372125,0.429644244153744,0.23188501596450806,4.407054840578824,1.0
1,broaden,0.5,p003,3.1999604195634155,2.7403209714562466,0.45963944810716884,0.2705763578414917,4.972433575488368,1.0
1,broaden,0.5,p004,3.161564781793409,2.641922413280748,0.519642368512661,0.21872270107269287,4.155254287139439,1.0
1,broaden,0.5,p005,2.9224431168920653,2.608260350128319,0.31418276676374646,0.29696786403656006,3.8491775489851188,1.0
2,broaden,0.5,p000,3.179390533442463,2.8415305803251276,0.3378599531173352,0.2007744312286377,6.581700842158334,1.0
2,broaden,0.5,p001,3.1431141752708256,2.802852584886506,0.3402615903843196,0.25556331872940063,3.2657643929457696,1.0
2,broaden,0.5,p002,2.9677554542040436,2.6672609532122746,0.300494500991769,0.24495267868041992,4.728336688543038,1.0
2,broaden,0.5,p003,3.199763020787983,2.9953705209654955,0.2043924998224873,0.22210681438446045,4.871829964711192,1.0
2,broaden,0.5,p004,3.1982022823018577,2.8516834695271003,0.3465188127747574,0.2164609432220459,4.618433794634789,1.0
2,broaden,0.5,p005,2.970267589889674,2.725896013083985,0.2443715768056891,0.306942343711853,3.861287459587708,1.0
3,broaden,0.5,p000,3.129350160297661,2.87050067632251,0.2588494839751512,0.23248350620269775,5.75242983168215,1.0
3,broaden,0.5,p001,3.156474551690734,2.7766936590525524,0.3797808926381818,0.2439061999320984,3.4354765679712496,1.0
3,broaden,0.5,p002,2.986706988464864,2.635159943445138,0.3515470450197262,0.24770855903625488,3.3099478535014577,1.0
3,broaden,0.5,p003,3.1601950045027616,2.8495479533270323,0.3106470511757293,0.26431214809417725,5.01079307080186,1.0
3,broaden,0.5,p004,3.184157575195642,2.7809660759799946,0.40319149921564756,0.21975702047348022,4.026215749336273,1.0
3,broaden,0.5,p005,2.9937319297006697,2.5385891307457933,0.4551427989548764,0.24998968839645386,4.137970597861973,1.0
4,broaden,0.5,p000,3.1454793312452463,2.8041205664110755,0.3413587648341707,0.22102022171020508,4.964189194703026,1.0
4,broaden,0.5,p001,3.1221015517876163,2.7667609845265453,0.355340567261071,0.2610521912574768,3.1963498204209277,1.0
4,broaden,0.5,p002,3.008994987907262,2.5697349204848026,0.4392600674224596,0.27262914180755615,4.006739580959764,1.0
4,broaden,0.5,p003,3.1583923089060884,2.8144143454024566,0.34397796350363175,0.27267467975616455,4.688201118707376,1.0
4,broaden,0.5,p004,3.1306567736976847,2.8205274353642418,0.3101293383334429,0.2359023094177246,5.346964039928283,1.0
4,broaden,0.5,p005,2.9567128933411913,2.7359731015321302,0.220739791809061,0.2766071557998657,4.40619490709575,1.0
5,broaden,0.5,p000,3.138539792674543,2.9084070424711848,0.23013275020335833,0.21237331628799438,6.2297594226243564,1.0
5,broaden,0.5,p001,3.13176728537397,2.800955341060443,0.3308119443135271,0.29216086864471436,2.6480101400412748,1.0
5,broaden,0.5,p002,2.982742341686371,2.7544736487469863,0.2282686929393849,0.2277764081954956,4.186279057911491,1.0
5,broaden,0.5,p003,3.1462683850115796,2.915114046350025,0.23115433866155444,0.23223233222961426,4.603028443522499,1.0
5,broaden,0.5,p004,3.156769359021754,2.935203638713055,0.22156572030869892,0.2825016975402832,6.124852557376805,1.0
5,broaden,0.5,p005,2.908778294941334,2.7082447714198397,0.20053352352149423,0.2410925030708313,4.181010980478557,1.0
6,broaden,0.5,p000,3.1370875473698883,2.7759016440860753,0.36118590328381295,0.22804903984069824,5.722659480223537,1.0
6,broaden,0.5,p001,3.088191810838929,2.816211060782438,0.2719807500564908,0.2681078314781189,3.2491745951000417,1.0
6,broaden,0.5,p002,2.966295252415654,2.69689698347119,0.26939826894446384,0.3497655391693115,2.5866468497519617,1.0
6,broaden,0.5,p003,3.142100760978277,2.849312882696336,0.2927878782819411,0.25402045249938965,5.341529078196137,1.0
6,broaden,0.5,p004,3.1397026910469186,2.803241507009404,0.33646118403751446,0.20826953649520874,3.668161141003731,1.0
6,broaden,0.5,p005,2.839428193038295,2.7165837188968966,0.12284447414139832,0.25048309564590454,3.474116590306009,1.0
7,broaden,0.5,p000,3.086575549010303,2.9725694618704157,0.11400608713988714,0.24298644065856934,5.154631740457524,1.0
7,broaden,0.5,p001,3.096128311202073,2.8333458233008444,0.2627824879012288,0.22531497478485107,4.657707230244138,1.0
7,broaden,0.5,p002,2.92107748765641,2.7870982644274833,0.13397922322892653,0.21585357189178467,4.005854133178348,1.0
7,broaden,0.5,p003,3.1276449941950952,2.9478995082293054,0.17974548596578988,0.2565463185310364,4.824307918036431,1.0
7,broaden,0.5,p004,3.1285165278062514,2.9517496664993286,0.17676686130692287,0.24019312858581543,4.694840805239868,1.0
7,broaden,0.5,p005,2.9497121853605797,2.767845968525994,0.1818662168345857,0.2643829584121704,3.2198008520681602,1.0
8,broaden,0.5,p000,3.0509655168328984,2.778727645034259,0.27223787179863956,0.24049854278564453,6.192272537498089,1.0
8,broaden,0.5,p001,3.0815375887480108,2.7464883253690955,0.3350492633789153,0.29997503757476807,3.0650098648334523,1.0
8,broaden,0.5,p002,2.90043815409756,2.7684339197317795,0.13200423436578035,0.22782647609710693,4.5801979819568075,1.0
8,broaden,0.5,p003,3.154644754119066,2.903349058919755,0.2512956951993113,0.2359687089920044,5.365792355816972,1.0
8,broaden,0.5,p004,3.0586502776384554,2.841911918093554,0.21673835954490128,0.22971618175506592,5.09527632139511,1.0
8,broaden,0.5,p005,2.945327894609428,2.8179429378797693,0.12738495672965877,0.24790573120117188,4.053285988656364,1.0
9,broaden,0.5,p000,3.123348077223974,2.8407334534071884,0.2826146238167855,0.3076364994049072,5.0017313689328455,1.0
9,broaden,0.5,p001,3.0441235149153143,2.7356308496758572,0.30849266523945706,0.23292559385299683,3.2194784508658425,1.0
9,broaden,0.5,p002,2.933117891472984,2.6429163985807085,0.2902014928922756,0.2580585479736328,3.504528038565818,1.0
9,broaden,0.5,p003,3.1409390925472307,2.897026584290875,0.24391250825635558,0.2839885950088501,4.817526481405174,1.0
9,broaden,0.5,p004,3.1044612604927684,2.809551905636954,0.2949093548558146,0.26345592737197876,5.457521677517818,1.0
9,broaden,0.5,p005,2.857458603328625,2.6321270279028797,0.22533157542574545,0.29476219415664673,3.409523797748797,1.0
10,broaden,0.5,p000,3.1111423247012375,2.930301767380276,0.18084055732096171,0.25785934925079346,5.70028371031849,1.0
10,broaden,0.5,p001,3.1229333153217773,2.8004988267811832,0.3224344885405941,0.1872066855430603,4.450475737521699,1.0
10,broaden,0.5,p002,2.9498042017594486,2.7248856817429767,0.22491852001647183,0.22400051355361938,3.7501521677897873,1.0
10,broaden,0.5,p003,3.165501718871598,2.8970014337387875,0.26850028513281066,0.23172056674957275,5.521139054281373,1.0
10,broaden,0.5,p004,3.1117330756395125,2.9023336118868013,0.20939946375271123,0.25081926584243774,4.947106816335005,1.0
10,broaden,0.5,p005,2.9587200059560046,2.6684774324514344,0.29024257350457017,0.25700753927230835,3.694978621672902,1.0
11,broaden,0.5,p000,3.167011276304963,2.9385398155540314,0.2284714607509315,0.27608901262283325,4.211693821320332,1.0
11,broaden,0.5,p001,3.110119150465137,2.8820784756872513,0.2280406747778856,0.18445897102355957,4.566052751986349,1.0
11,broaden,0.5,p002,2.9249898759498505,2.6186907293553383,0.3062991465945122,0.253853440284729,3.4121581844888733,1.0
11,broaden,0.5,p003,3.1797804813217474,2.890343058764636,0.28943742255711147,0.25901222229003906,4.677475142180478,1.0
11,broaden,0.5,p004,3.198467258100564,2.9696642482837055,0.22880300981685853,0.26137685775756836,5.325723930235696,1.0
11,broaden,0.5,p005,2.956739561314081,2.7171542691226604,0.23958529219142077,0.2676403522491455,3.5403272445919978,1.0
12,broaden,0.5,p000,3.1965924742109713,2.928704612027892,0.26788786218307914,0.3001302480697632,4.726141172607323,1.0
12,broaden,0.5,p001,2.9207138341720427,2.6205069308301665,0.30020690334187616,0.21281850337982178,4.298780365391821,1.0
12,broaden,0.5,p002,3.008494367447609,2.7230130505481744,0.28548131689943457,0.26895034313201904,3.599098502918352,1.0
12,broaden,0.5,p003,3.161936850025398,2.967934003877086,0.1940028461483121,0.238175630569458,4.440620779278541,1.0
12,broaden,0.5,p004,3.1093376478686414,2.840860185927068,0.2684774619415733,0.21388059854507446,5.4576758688817675,1.0
12,broaden,0.5,p005,2.9573421694169637,2.7820333837090785,0.17530878570788522,0.29178082942962646,4.202387149885233,1.0
13,broaden,0.5,p000,3.1121424512827165,2.7566667363370185,0.35547571494569796,0.29672372341156006,5.5061419703781596,1.0
13,broaden,0.5,p001,3.1058750177870853,2.785725723246947,0.3201492945401383,0.2325289249420166,3.1054794053037824,1.0
13,broaden,0.5,p002,3.0028324070921615,2.6139289903025444,0.38890341678961704,0.24264031648635864,3.9918453635025535,1.0
13,broaden,0.5,p003,3.1220898700347686,2.8202519134499555,0.30183795658481305,0.21879714727401733,5.835085713148722,1.0
13,broaden,0.5,p004,3.1060216146501434,2.8019792398249925,0.30404237482515084,0.26936471462249756,6.232813928246305,1.0
13,broaden,0.5,p005,2.8799481417241695,2.6309800283633233,0.24896811336084612,0.27430009841918945,3.5193417143771026,1.0
14,broaden,0.5,p000,3.132096408796209,3.0368836454063746,0.09521276338983453,0.27409231662750244,4.442926225115848,1.0
14,broaden,0.5,p001,2.997482767130399,2.710269582260514,0.2872131848698851,0.18821269273757935,4.315436576370827,1.0
14,broaden,0.5,p002,2.9397270394743686,2.7241108260502216,0.21561621342414705,0.3417048454284668,2.8960194968557924,1.0
14,broaden,0.5,p003,3.1283705738864596,2.994863175273428,0.13350739861303174,0.23282229900360107,5.747726871981009,1.0
14,broaden,0.5,p004,3.1550465895242863,2.912557127248495,0.24248946227579138,0.23874914646148682,5.3949563150859525,1.0
14,broaden,0.5,p005,2.9670634484910794,2.7187806864202466,0.24828276207083277,0.23207557201385498,3.691178390353122,1.0
15,broaden,0.5,p000,3.135695153337534,2.866615939626948,0.26907921371058574,0.19087910652160645,4.960296825750616,1.0
15,broaden,0.5,p001,3.132407140209928,2.8052484817507777,0.32715865845915015,0.22799307107925415,4.08903541365713,1.0
15,broaden,0.5,p002,2.978306972587132,2.68395389464004,0.294353077947092,0.22934603691101074,3.5825860497534845,1.0
15,broaden,0.5,p003,3.1559344409627244,2.9141133097540335,0.24182113120869086,0.2587968111038208,4.5187620661575,1.0
15,broaden,0.5,p004,3.159590795337523,2.9302622678339354,0.22932852750358768,0.259311318397522,5.336851578995402,1.0
15,broaden,0.5,p005,2.9122586168669065,2.6835433913691062,0.2287152254978002,0.2590370178222656,4.011901421330809,1.0
0,regularize,0.5,p000,1.3654300837300724,1.559061706036081,-0.1936316223060086,1.0878634303808212,,
0,regularize,0.5,p001,1.3556881650416133,1.2888498938397401,0.06683827120187313,0.47643351554870605,,
0,regularize,0.5,p002,0.7249760305636205,2.458246379932821,-1.7332703493692008,0.30589306354522705,3.0413897996080164,1.0
0,regularize,0.5,p003,1.3012826031597673,1.5901412653851654,-0.28885866222539813,1.0866883918642998,,
0,regularize,0.5,p004,1.28669955436681,1.589109719972554,-0.30241016560574385,1.0839429944753647,,
0,regularize,0.5,p005,1.8030018939217125,2.364244655453682,-0.5612427615319693,0.24894565343856812,4.086556014934874,1.0
1,regularize,0.5,p000,0.0,1.5182261658405594,-1.5182261658405594,1.0878634303808212,,
1,regularize,0.5,p001,0.0,1.5041785811915056,-1.5041785811915056,1.1039596050977707,,
1,regularize,0.5,p002,0.0,1.0652421914421282,-1.0652421914421282,1.1207557171583176,,
1,regularize,0.5,p003,0.0,1.5310068507685768,-1.5310068507685768,1.0866883918642998,,
1,regularize,0.5,p004,0.0,1.5611787887871755,-1.5611787887871755,1.0839429944753647,,
1,regularize,0.5,p005,0.0,1.1292371142117297,-1.1292371142117297,1.1356832087039948,,
2,regularize,0.5,p000,1.184568921440376,1.6710987005344642,-0.4865297790940881,1.0878634303808212,,
2,regularize,0.5,p001,1.1851668035302152,1.6598675386866073,-0.4747007351563921,1.1039596050977707,,
2,regularize,0.5,p002,1.203306963480642,1.2810072719068581,-0.07770030842621622,1.1207557171583176,,
2,regularize,0.5,p003,1.178560048494392,1.746305252502357,-0.5677452040079649,1.0866883918642998,,
2,regularize,0.5,p004,1.2391839821217001,1.754999445455183,-0.5158154633334828,1.0839429944753647,,
2,regularize,0.5,p005,0.7457366759113044,1.2167565736613373,-0.47101989775003283,1.1356832087039948,,
3,regularize,0.5,p000,1.0693100322485478,1.5858276100195359,-0.5165175777709881,1.0878634303808212,,
3,regularize,0.5,p001,0.7529993183587516,1.5533404126483619,-0.8003410942896103,1.1039596050977707,,
3,regularize,0.5,p002,1.2850996338596175,1.0784943008572858,0.20660533300233164,1.1207557171583176,,
3,regularize,0.5,p003,1.128477484803582,1.5932856393328902,-0.46480815452930835,1.0866883918642998,,
3,regularize,0.5,p004,1.1390860542751622,1.6125924805834315,-0.47350642630826933,1.0839429944753647,,
3,regularize,0.5,p005,1.2841915328526177,1.0490073619595457,0.23518417089307198,1.1356832087039948,,
4,regularize,0.5,p000,0.30068829701968003,1.6462874596301789,-1.3455991626104988,1.0878634303808212,,
4,regularize,0.5,p001,0.6941607326694579,1.583060856775179,-0.8889001241057211,1.1039596050977707,,
4,regularize,0.5,p002,1.215643155946206,1.1693212503685806,0.04632190557762539,1.1207557171583176,,
4,regularize,0.5,p003,0.30604312241251513,1.6226062529570835,-1.3165631305445684,1.0866883918642998,,
4,regularize,0.5,p004,0.2261099040748475,1.6234078805164678,-1.3972979764416202,1.0839429944753647,,
4,regularize,0.5,p005,1.2814857668071293,1.14276097621607,0.13872479059105935,1.1356832087039948,,
5,regularize,0.5,p000,0.0,1.7537876588572643,-1.7537876588572643,1.0878634303808212,,
5,regularize,0.5,p001,0.0,1.6367738465858648,-1.6367738465858648,1.1039596050977707,,
5,regularize,0.5,p002,0.0,1.1922898933097776,-1.1922898933097776,1.1207557171583176,,
5,regularize,0.5,p003,0.0,1.7249486921965307,-1.7249486921965307,1.0866883918642998,,
5,regularize,0.5,p004,0.0,1.7682298579270725,-1.7682298579270725,1.0839429944753647,,
5,regularize,0.5,p005,0.0,1.2386402757833403,-1.2386402757833403,1.1356832087039948,,
6,regularize,0.5,p000,0.0,1.7747453803951672,-1.7747453803951672,1.0878634303808212,,
6,regularize,0.5,p001,0.0,1.524671630391475,-1.524671630391475,1.1039596050977707,,
6,regularize,0.5,p002,0.0,1.1663046219485644,-1.1663046219485644,1.1207557171583176,,
6,regularize,0.5,p003,0.0,1.741588669429298,-1.741588669429298,1.0866883918642998,,
6,regularize,0.5,p004,0.0,1.778370848278795,-1.778370848278795,1.0839429944753647,,
6,regularize,0.5,p005,0.0,1.134532688365565,-1.134532688365565,1.1356832087039948,,
7,regularize,0.5,p000,1.8723416447168362,2.945655825777705,-1.0733141810608686,0.25911593437194824,5.110279994542201,1.0
7,regularize,0.5,p001,1.7483375530267726,2.786491970821737,-1.0381544177949644,0.18587207794189453,3.1866820008268686,1.0
7,regularize,0.5,p002,1.6467104377114694,2.827804751265492,-1.1810943135540226,0.2550247311592102,3.6233479899715086,1.0
7,regularize,0.5,p003,1.8310153329031897,2.9705438888227405,-1.1395285559195507,0.29174333810806274,3.7655049081386878,1.0
7,regularize,0.5,p004,1.6941187504240318,3.0341576570307733,-1.3400389066067415,0.26357197761535645,5.502473354202432,1.0
7,regularize,0.5,p005,1.1396374006125636,1.248834217991064,-0.10919681737850051,1.1356832087039948,,
8,regularize,0.5,p000,0.0,1.779562680235679,-1.779562680235679,1.0878634303808212,,
8,regularize,0.5,p001,0.10134705152228529,1.4290259743984994,-1.3276789228762143,1.1039596050977707,,
8,regularize,0.5,p002,0.7303771178962876,1.0981209889919659,-0.3677438710956783,1.1207557171583176,,
8,regularize,0.5,p003,0.0,1.7296950717860475,-1.7296950717860475,1.0866883918642998,,
8,regularize,0.5,p004,0.0,1.712788597748333,-1.712788597748333,1.0839429944753647,,
8,regularize,0.5,p005,0.769774542030423,1.1295902472952908,-0.35981570526486784,1.1356832087039948,,
9,regularize,0.5,p000,0.0,1.6601761606780936,-1.6601761606780936,1.0878634303808212,,
9,regularize,0.5,p001,0.0,1.4642906593556637,-1.4642906593556637,1.1039596050977707,,
9,regularize,0.5,p002,0.0,2.6954755115058844,-2.6954755115058844,0.38222289085388184,2.686853739157502,1.0
9,regularize,0.5,p003,0.0,1.650521681675706,-1.650521681675706,1.0866883918642998,,
9,regularize,0.5,p004,0.0,1.6476274898864915,-1.6476274898864915,1.0839429944753647,,
9,regularize,0.5,p005,0.0,1.1121993135343398,-1.1121993135343398,1.1356832087039948,,
10,regularize,0.5,p000,0.0,1.7258218067350004,-1.7258218067350004,1.0878634303808212,,
10,regularize,0.5,p001,0.0,1.55255120345341,-1.55255120345341,1.1039596050977707,,
10,regularize,0.5,p002,0.0,1.143070714830775,-1.143070714830775,1.1207557171583176,,
10,regularize,0.5,p003,0.0,1.704516780145347,-1.704516780145347,1.0866883918642998,,
10,regularize,0.5,p004,0.0,1.7345328396190536,-1.7345328396190536,1.0839429944753647,,
10,regularize,0.5,p005,0.1225738904923899,1.144126385897105,-1.021552495404715,1.1356832087039948,,
11,regularize,0.5,p000,0.5186985041164479,1.6627794569874943,-1.1440809528710463,1.0878634303808212,,
11,regularize,0.5,p001,1.134759552623257,1.398096940930471,-0.2633373883072141,1.1039596050977707,,
11,regularize,0.5,p002,0.6684300071797574,1.197028660400242,-0.5285986532204846,1.1207557171583176,,
11,regularize,0.5,p003,0.5118376707011623,1.6641507189094962,-1.152313048208334,1.0866883918642998,,
11,regularize,0.5,p004,0.31772195339296944,1.679545961761729,-1.3618240083687596,1.0839429944753647,,
11,regularize,0.5,p005,0.6616877489003601,1.1382016897690401,-0.47651394086868004,1.1356832087039948,,
12,regularize,0.5,p000,1.2568267977198597,2.884109424448736,-1.6272826267288765,0.26096582412719727,4.640098895175608,1.0
12,regularize,0.5,p001,1.5165315720958628,2.77684407106827,-1.2603124989724073,0.19730877876281738,4.841738476875806,1.0
12,regularize,0.5,p002,2.0114465993325403,2.7182474639575958,-0.7068008646250554,0.27393126487731934,3.249354709376797,1.0
12,regularize,0.5,p003,1.529223600828048,2.951530021637936,-1.422306420809888,0.3126727342605591,3.865778928430294,1.0
12,regularize,0.5,p004,1.5145235224266291,2.9185260098409316,-1.4040024874143024,0.30818378925323486,4.947642920030728,1.0
12,regularize,0.5,p005,1.9468817170466348,2.6283119528634833,-0.6814302358168485,0.24302732944488525,3.699382477912899,1.0
13,regularize,0.5,p000,0.0,1.468805714704338,-1.468805714704338,1.0878634303808212,,
13,regularize,0.5,p001,0.0,1.500552562448013,-1.500552562448013,1.1039596050977707,,
13,regularize,0.5,p002,0.0,1.1213761213112723,-1.1213761213112723,1.1207557171583176,,
13,regularize,0.5,p003,0.0,1.4698573297692117,-1.4698573297692117,1.0866883918642998,,
13,regularize,0.5,p004,0.0,1.4954201926703024,-1.4954201926703024,1.0839429944753647,,
13,regularize,0.5,p005,0.1225738904923899,1.08006316897856,-0.9574892784861702,1.1356832087039948,,
14,regularize,0.5,p000,2.2657847592555154,2.9952250418471236,-0.7294402825916082,0.2694220542907715,4.8632978409903105,1.0
14,regularize,0.5,p001,2.3564198074816303,2.787975330542149,-0.4315555230605188,0.21361052989959717,4.310895946061835,1.0
14,regularize,0.5,p002,2.0546307129882804,2.665974640066945,-0.6113439270786647,0.29962384700775146,3.0926333842877667,1.0
14,regularize,0.5,p003,2.205661112278939,3.049893429027718,-0.8442323167487791,0.2855890393257141,4.390734820869815,1.0
14,regularize,0.5,p004,2.312117464282605,2.9337088230048085,-0.6215913587222035,0.22319799661636353,4.86481528416098,1.0
14,regularize,0.5,p005,2.1953028500645986,2.6442893592010246,-0.448986509136426,0.26524239778518677,3.454829662469179,1.0
15,regularize,0.5,p000,0.0,2.9318738284218577,-2.9318738284218577,0.18591022491455078,4.287484335993869,1.0
15,regularize,0.5,p001,0.0,2.8052048067133044,-2.8052048067133044,0.23099327087402344,4.316890114471018,1.0
15,regularize,0.5,p002,0.0,2.695316919344901,-2.695316919344901,0.22703182697296143,3.5595287665380297,1.0
15,regularize,0.5,p003,0.0,2.9594401004271726,-2.9594401004271726,0.2353866696357727,4.438478433795415,1.0
15,regularize,0.5,p004,0.0,2.8784040778444426,-2.8784040778444426,0.30448031425476074,4.883952279150342,1.0
15,regularize,0.5,p005,0.0,2.6739607410521034,-2.6739607410521034,0.3049982786178589,3.424725371710271,1.0
