condition,prompt_id,output,associative_drift,perplexity,local_coherence,degenerate,realized_entropy_increase,realized_output_shift
baseline,p000,"Here's a short chain of connected images and ideas from the word 'threshold':

A narrow, winding path that leads to a mysterious, ancient temple.
The path is overgrown with vines and moss, as if nature itself is trying to conceal the temple's secrets.
A faint, flickering light emanates from within the temple, casting eerie shadows on the surrounding rocks.
The air is thick with the scent of incense and something else, something sweet and decaying.
A figure",0.3327268362045288,3.8271016709004813,1.0,0.0,0.0,0.0
baseline,p001,"was bathed in a warm, golden light that seemed to envelop the entire space. The storm had left behind a trail of destruction, with branches and debris scattered across the floor, but as the light crept in, it revealed a sense of quiet and stillness that was almost palpable. The air was heavy with the scent of wet earth and ozone, a reminder of the raw power of nature that had been unleashed during the tempest. As the dust settled, a figure",0.24287456274032593,3.786273893121448,1.0,0.0,0.0,0.0
baseline,p002,"A quiet afternoon can feel like a serene and peaceful experience. It's a time when the world outside seems to slow down, and the atmosphere is calm and still. Here are some sensory details that might help you imagine what a quiet afternoon feels like:

*   The air is filled with the sweet scent of blooming flowers or the earthy smell of freshly cut grass.
*   The sound of birds chirping or a gentle breeze rustling through leaves creates a soothing melody.
*",0.26870155334472656,2.5971576770983886,1.0,0.0,0.0,0.0
baseline,p003,"Here's a short chain of connected images and ideas from the word 'saltwater':

1. A beach at sunrise, with the sky painted pink and orange.
2. A sailboat gliding across the calm waters of the ocean.
3. A school of fish swimming in the clear, turquoise waters.
4. A diver descending into the depths, surrounded by coral and seaweed.
5. A shipwreck lying on the seafloor, covered in seaweed and an",0.28024911880493164,3.765274189260487,1.0,0.0,0.0,0.0
baseline,p004,"Here's a short chain of connected images and ideas from the word 'clockwork':

1. A intricate mechanical clock with gears and cogs, ticking away in a dimly lit room.
2. A close-up of a gear, its teeth meshing together in a precise, mechanical motion.
3. A miniature model of a clockwork mechanism, with tiny cogs and springs visible through a magnifying glass.
4. A vintage watch with a leather strap and a face that",0.30320584774017334,4.134041972802402,1.0,0.0,0.0,0.0
baseline,p005,"The color of waiting is often described as a blend of various hues, but it's difficult to pinpoint a single color. Waiting can be a complex and multifaceted experience, and its color can vary depending on the context, emotions, and individual perspectives.

In some cases, waiting can evoke a sense of:

* **Gray**: A neutral, monotonous color that can represent the monotony and lack of excitement associated with waiting.
* **Blue**: A calming, soothing color",0.2576669454574585,2.937596287447355,1.0,0.0,0.0,0.0
baseline,p006,"Here's a short chain of connected images and ideas from the word 'harvest':

1. A field of golden wheat swaying in the wind, with a warm sun shining down.
2. A basket overflowing with juicy, ripe apples, nestled among the wheat stalks.
3. A rustic farmhouse with a wooden sign creaking in the breeze, bearing the words ""Harvest Home"".
4. A family gathered around a wooden table, sharing a meal of roasted turkey and",0.3302105665206909,3.5039047777259777,1.0,0.0,0.0,0.0
baseline,p007,"The kitchen was a whirlwind of chaos, with crumbs and spills scattered across the countertops like a colorful mosaic. The air was thick with the sweet scent of freshly baked pastries and the faint tang of last night's champagne, mingling with the savory aroma of sizzling bacon and the soft hum of the refrigerator. A tangled mess of party hats, balloons, and streamers hung precariously from the ceiling, while a few scattered glasses and plates still clinked against the",0.4035148620605469,4.489109652887956,1.0,0.0,0.0,0.0
beta_0.45,p000,"A short chain of connected images and ideas, a sentence or two. In the name of the Prophet Muhammad, who is known for his wisdom and compassion, we find a wise and just leader who is able to guide the people of Medina with the message of the Quran.",0.19028407335281372,17.38165922300069,0.643985294375011,0.0,0.0,0.0
beta_0.45,p001,I couldn't find any information on a passage that continues in a few sentences.,0.1291828155517578,29.546445233269242,0.47998962908740767,0.0,0.0,0.0
beta_0.45,p002,"I'm happy to help you with that. However, I need a bit more information about what you're referring to. Could you please provide more context or clarify what you're asking about ""a quiet afternoon""?",0.2544730305671692,4.015349692797362,1.0,0.0,0.0,0.0
beta_0.45,p003,"I can't fulfill your request, but I can offer you a few options:

1. **Suggest**: A free e-book that can be carried to the shoulder.
2. **Suggest**: A free e-book that can be carried to the shoulder.
3. **Suggest**: A free e-book that can be carried to the shoulder.
4. **Suggest**: A free e-book that can be carried to the shoulder.
5. **Suggest**: A free",0.3228551745414734,4.258265157815189,1.0,0.0,0.0,0.0
beta_0.45,p004,"A short chain of connected images and ideas, a sentence or two, is a metaphorical expression that refers to the following:

A (book, ink, clock, clock, clock, etc.)",0.11910176277160645,55.277835136479126,0.3690327055516559,0.0,0.0,0.0
beta_0.45,p005,"I think you might be thinking of ""The Color of Waiting"" from the movie ""The Color of Waiting"" (2006).",0.205269455909729,11.894710066697865,0.8521453828026962,0.0,0.0,0.0
beta_0.45,p006,"I can't fulfill your request, but I can offer you a few options:

1. **Suggest**: A small, self-contained AI that can be controlled by a user's decision.
2. **Lamprey**: A humanoid robot that can be controlled by a user's decision.
3. **Dwarfed**: A dwarf-like robot that can be controlled by a user's decision.
4. **Mercurial**: A small, self-contained AI that can be controlled",0.25646787881851196,7.990783328343113,1.0,0.0,0.0,0.0
beta_0.45,p007,"Here are a few vivid sentences describing a kitchen the morning after a party:

1. The kitchen was in chaos after the party the night before. The guests were rowdy, and the food was plentiful. The party was a huge success, and everyone left the table with a full belly.
2. The kitchen was a disaster after the party the night before. The guests were loud, and the food was a mess. The party was a huge failure, and everyone left the table",0.1730707287788391,8.073688254826227,1.0,0.0,0.0,0.0
interventionA,p000,"Here's a short chain of connected images and ideas from the word 'threshold':

A threshold is a physical barrier that separates two areas, like a gate or a door. It's often associated with a sense of transition or passage, like a threshold of time or a threshold of emotions.

As I stood at the threshold of my childhood home, I remembered the smell of fresh-baked cookies wafting from the kitchen. The aroma transported me back to my grandmother's warm smile and",0.22546327114105225,5.3898259441877885,1.0,0.0,0.5281383206969813,0.5650526475373557
interventionA,p001,"was bathed in a warm, golden light, and the air was filled with the sweet scent of wet earth and ozone. The storm had passed, leaving behind a sense of unease and a feeling of being watched. Emily's eyes scanned the room, taking in the familiar contours of the furniture and the scattered papers on the floor. She knew every inch of this room, every hidden crevice and every dusty corner, and yet she couldn't shake the feeling that something was off",0.2444344162940979,3.064310246496165,1.0,0.0,0.5392895544830122,0.6016060986744205
interventionA,p002,"A quiet afternoon can be a serene and peaceful experience. Here are some sensory details that might help you imagine what it could feel like:

* The air is calm and still, with a gentle breeze rustling the leaves of trees outside your window. The sun casts a warm, golden light through the room, illuminating the soft, muted colors of the furniture and decorations.
* The sound of a gentle stream or a soft, muted hum fills the air, creating a soothing background noise",0.3325939178466797,2.994686129607517,1.0,0.0,0.5554574691151318,0.6216793350313511
interventionA,p003,"Here's a short chain of connected images and ideas from the word 'saltwater':

1. A beach at sunset, with the sky painted in hues of orange and pink.
2. A sailboat gliding across the calm waters of the ocean, with the salty spray on its face.
3. A school of fish swimming in the clear waters, their scales shimmering in the fading light.
4. A beach umbrella standing alone, a solitary structure against the vast expanse of",0.2716165781021118,4.1208806272294485,1.0,0.0,0.5327185015929373,0.5679231321947787
interventionA,p004,"Here's a short chain of connected images and ideas from the word 'clockwork':

A gear turns, and a mechanism begins to function. 
The mechanism is a clock, with intricate hands and a face. 
The face is a portrait of a woman, with a mysterious smile. 
She's surrounded by intricate clockwork devices, like pendulums and escapements. 
The pendulums are suspended in mid-air, as if they're being pulled by invisible strings.",0.253650963306427,6.050585496262636,1.0,0.0,0.5188355431352791,0.5575041953624923
interventionA,p005,"The color of waiting is often described as a blend of gray and blue, with a hint of indigo. It's a color that's both calming and unsettling at the same time, evoking a sense of anticipation and expectation.

Imagine a misty morning, with the sky a pale gray, and the ground a soft blue. The air is filled with a subtle, almost imperceptible blue-gray hue that seems to hover just above the surface. It's a color that's",0.34508705139160156,2.8446379076574755,1.0,0.0,0.5406371777779178,0.5999299288061114
interventionA,p006,"Here's a short chain of connected images and ideas from the word 'harvest':

A field of golden wheat swaying in the wind, its delicate seeds dancing like tiny ballerinas.
As the sun sets, the wheat is bathed in a warm, golden light, like a canvas of color.
The air is filled with the sweet scent of ripe corn, and the sound of crickets serenading the harvest.
In the distance, a tractor rumbles through the fields",0.3547719717025757,4.314811576878189,1.0,0.0,0.5293276428784195,0.5876448518221157
interventionA,p007,"The kitchen was a whirlwind of chaos, with crumbs and spills scattered across the countertops like a messy puzzle. The air was thick with the scent of spilled drinks and lingering perfume, while the sink was clogged with a tangled mess of napkins, plates, and utensils. The morning light streaming through the window highlighted the remnants of the previous night's revelry, with a faint glow of champagne bottles and empty glasses still lingering on the walls.",0.3501826524734497,6.007478494418986,1.0,0.0,0.5456175167527464,0.6121059624137226
